neighbourhood_group,neighbourhood
,Agullana
,Aiguaviva
,Albanyà
,Albons
,Alp
,Amer
,Anglès
,Arbúcies
,Argelaguer
,Avinyonet de Puigventós
,Banyoles
,Bàscara
,Begur
,Bellcaire d'Empordà
,Besalú
,Bescanó
,Beuda
,Biure
,Blanes
,Boadella d'Empordà
,Bolvir
,Bordils
,Borrassà
,Breda
,Brunyola
,Cabanelles
,Cabanes
,Cadaqués
,Caldes de Malavella
,Calonge
,Camós
,Campdevànol
,Campelles
,Campllong
,Camprodon
,Canet d'Adri
,Cantallops
,Capmany
,Cassà de la Selva
,Castellfollit de la Roca
,Castelló d'Empúries
,Castell-Platja d'Aro
,Celrà
,Cervià de Ter
,Cistella
,Colera
,Colomers
,Corçà
,Cornellà del Terri
,Crespià
,"Cruïlles, Monells i Sant Sadurní de l'Heura"
,Darnius
,Das
,El Far d'Empordà
,El Port de la Selva
,Espinelves
,Espolla
,Esponellà
,Figueres
,Flaçà
,Foixà
,Fontanals de Cerdanya
,Fontanilles
,Fontcoberta
,Forallac
,Fornells de la Selva
,Fortià
,Garrigàs
,Garrigoles
,Garriguella
,Ger
,Girona
,Gombrèn
,Gualta
,Guils de Cerdanya
,Hostalric
,Isòvol
,Jafre
,Juià
,La Bisbal d'Emporda
,La Cellera de Ter
,La Jonquera
,La Pera
,L'Armentera
,La Selva de Mar
,La Tallada d'Empordà
,La Vajol
,La Vall de Bianya
,La Vall d'en Bas
,L'Escala
,Les Llosses
,Les Planes d'Hostoles
,Les Preses
,Lladó
,Llagostera
,Llambilles
,Llanars
,Llançà
,Llers
,Llívia
,Lloret de Mar
,Maçanet de Cabrenys
,Maçanet de la Selva
,Madremanya
,Maià de Montcal
,Masarac
,Massanes
,Meranges
,Mieres
,Mollet de Peralada
,Molló
,Montagut i Oix
,Mont-ras
,Navata
,Ogassa
,Olot
,Ordis
,Osor
,Palafrugell
,Palamós
,Palau de Santa Eulàlia
,Palau-sator
,Palau-saverdera
,Palol de Revardit
,Pals
,Pardines
,Parlavà
,Pau
,Pedret i Marzà
,Peralada
,Planoles
,Pont de Molins
,Pontós
,Porqueres
,Portbou
,Puigcerdà
,Quart
,Queralbs
,Rabós
,Regencós
,Ribes de Freser
,Riells i Viabrea
,Ripoll
,Riudarenes
,Riudaura
,Riudellots de la Selva
,Riumors
,Roses
,Rupià
,Sales de Llierca
,Salt
,Santa Coloma de Farners
,Santa Cristina d'Aro
,Santa Llogaia d'Àlguema
,Sant Andreu Salou
,Sant Aniol de Finestres
,Santa Pau
,Sant Climent Sescebes
,Sant Feliu de Buixalleu
,Sant Feliu de Guíxols
,Sant Feliu de Pallerols
,Sant Ferriol
,Sant Gregori
,Sant Hilari Sacalm
,Sant Jaume de Llierca
,Sant Joan de les Abadesses
,Sant Joan de Mollet
,Sant Joan les Fonts
,Sant Jordi Desvalls
,Sant Julià del Llor i Bonmatí
,Sant Julià de Ramis
,Sant Llorenç de la Muga
,Sant Martí de Llémena
,Sant Martí Vell
,Sant Miquel de Campmajor
,Sant Miquel de Fluvià
,Sant Mori
,Sant Pau de Segúries
,Sant Pere Pescador
,Sarrià de Ter
,Saus
,Serinyà
,Serra de Daró
,Setcases
,Sils
,Siurana
,Susqueda
,Terrades
,Torrent
,Torroella de Fluvià
,Torroella de Montgrí
,Tortellà
,Toses
,Tossa de Mar
,Ullà
,Ullastret
,Ultramort
,Urús
,Vallfogona de Ripollès
,Vall-llobrega
,Ventalló
,Verges
,Vidrà
,Vidreres
,Vilabertran
,Vilablareix
,Viladamat
,Viladasens
,Vilademuls
,Viladrau
,Vilafant
,Vilajuïga
,Vilallonga de Ter
,Vilamacolum
,Vilamalla
,Vilamaniscle
,Vilanant
,Vila-sacra
,Vilaür
,Vilobí d'Onyar
,Vilopriu
